{"project_info":{"project_id":"logic-and-wit","project_number":"689872399725","name":"Logic and Wit"},"client":[{"client_info":{"mobilesdk_app_id":"1:689872399725:android:415395bdb3e012e3","client_id":"android:com.statlex.logicandwit","client_type":1,"android_client_info":{"package_name":"com.statlex.logicandwit"}},"oauth_client":[],"api_key":[],"services":{"analytics_service":{"status":2,"analytics_property":{"tracking_id":"UA-53856001-2"}},"cloud_messaging_service":{"status":1,"apns_config":[]},"appinvite_service":{"status":1,"other_platform_oauth_client":[]},"google_signin_service":{"status":1},"ads_service":{"status":1}}}],"client_info":[],"ARTIFACT_VERSION":"1"}